,ACCESSION,TAXON_ID,LINEAGE,TITLE,LEAFNAME,CladeLabel
1,NM_001023563.4,9606,"['root', 'cellular organisms', 'Eukaryota', 'Opisthokonta', 'Metazoa', 'Eumetazoa', 'Bilateria', 'Deuterostomia', 'Chordata', 'Craniata', 'Vertebrata', 'Gnathostomata', 'Teleostomi', 'Euteleostomi', 'Sarcopterygii', 'Dipnotetrapodomorpha', 'Tetrapoda', 'Amniota', 'Mammalia', 'Theria', 'Eutheria', 'Boreoeutheria', 'Euarchontoglires', 'Primates', 'Haplorrhini', 'Simiiformes', 'Catarrhini', 'Hominoidea', 'Hominidae', 'Homininae', 'Homo', 'Homo sapiens']","Homo sapiens zinc finger protein 805 (ZNF805), transcript variant 1, mRNA",NM_001023563_4_Homo_sapiens_zinc_finger_protein_805_ZNF805_transcript_variant_1_mRNA,Eutheria
2,XM_003316703.6,9598,"['root', 'cellular organisms', 'Eukaryota', 'Opisthokonta', 'Metazoa', 'Eumetazoa', 'Bilateria', 'Deuterostomia', 'Chordata', 'Craniata', 'Vertebrata', 'Gnathostomata', 'Teleostomi', 'Euteleostomi', 'Sarcopterygii', 'Dipnotetrapodomorpha', 'Tetrapoda', 'Amniota', 'Mammalia', 'Theria', 'Eutheria', 'Boreoeutheria', 'Euarchontoglires', 'Primates', 'Haplorrhini', 'Simiiformes', 'Catarrhini', 'Hominoidea', 'Hominidae', 'Homininae', 'Pan', 'Pan troglodytes']","PREDICTED: Pan troglodytes zinc finger protein 805 (ZNF805), transcript variant X1, mRNA",XM_003316703_6_PREDICTED_Pan_troglodytes_zinc_finger_protein_805_ZNF805_transcript_variant_X1_mRNA,Eutheria
3,XM_024979418.2,9913,"['root', 'cellular organisms', 'Eukaryota', 'Opisthokonta', 'Metazoa', 'Eumetazoa', 'Bilateria', 'Deuterostomia', 'Chordata', 'Craniata', 'Vertebrata', 'Gnathostomata', 'Teleostomi', 'Euteleostomi', 'Sarcopterygii', 'Dipnotetrapodomorpha', 'Tetrapoda', 'Amniota', 'Mammalia', 'Theria', 'Eutheria', 'Boreoeutheria', 'Laurasiatheria', 'Artiodactyla', 'Ruminantia', 'Pecora', 'Bovidae', 'Bovinae', 'Bos', 'Bos taurus']","PREDICTED: Bos taurus zinc finger protein 805 (ZNF805), transcript variant X1, mRNA",XM_024979418_2_PREDICTED_Bos_taurus_zinc_finger_protein_805_ZNF805_transcript_variant_X1_mRNA,Eutheria
4,XM_005596578.4,9796,"['root', 'cellular organisms', 'Eukaryota', 'Opisthokonta', 'Metazoa', 'Eumetazoa', 'Bilateria', 'Deuterostomia', 'Chordata', 'Craniata', 'Vertebrata', 'Gnathostomata', 'Teleostomi', 'Euteleostomi', 'Sarcopterygii', 'Dipnotetrapodomorpha', 'Tetrapoda', 'Amniota', 'Mammalia', 'Theria', 'Eutheria', 'Boreoeutheria', 'Laurasiatheria', 'Perissodactyla', 'Equidae', 'Equus', 'Equus caballus']","PREDICTED: Equus caballus zinc finger protein 805 (ZNF805), transcript variant X4, mRNA",XM_005596578_4_PREDICTED_Equus_caballus_zinc_finger_protein_805_ZNF805_transcript_variant_X4_mRNA,Eutheria
5,NM_001270905.1,9483,"['root', 'cellular organisms', 'Eukaryota', 'Opisthokonta', 'Metazoa', 'Eumetazoa', 'Bilateria', 'Deuterostomia', 'Chordata', 'Craniata', 'Vertebrata', 'Gnathostomata', 'Teleostomi', 'Euteleostomi', 'Sarcopterygii', 'Dipnotetrapodomorpha', 'Tetrapoda', 'Amniota', 'Mammalia', 'Theria', 'Eutheria', 'Boreoeutheria', 'Euarchontoglires', 'Primates', 'Haplorrhini', 'Simiiformes', 'Platyrrhini', 'Cebidae', 'Callitrichinae', 'Callithrix', 'Callithrix', 'Callithrix jacchus']","Callithrix jacchus zinc finger protein 805 (ZNF805), mRNA",NM_001270905_1_Callithrix_jacchus_zinc_finger_protein_805_ZNF805_mRNA,Eutheria
6,XM_004061536.3,9595,"['root', 'cellular organisms', 'Eukaryota', 'Opisthokonta', 'Metazoa', 'Eumetazoa', 'Bilateria', 'Deuterostomia', 'Chordata', 'Craniata', 'Vertebrata', 'Gnathostomata', 'Teleostomi', 'Euteleostomi', 'Sarcopterygii', 'Dipnotetrapodomorpha', 'Tetrapoda', 'Amniota', 'Mammalia', 'Theria', 'Eutheria', 'Boreoeutheria', 'Euarchontoglires', 'Primates', 'Haplorrhini', 'Simiiformes', 'Catarrhini', 'Hominoidea', 'Hominidae', 'Homininae', 'Gorilla', 'Gorilla gorilla', 'Gorilla gorilla gorilla']","PREDICTED: Gorilla gorilla gorilla zinc finger protein 805 (ZNF805), mRNA",XM_004061536_3_PREDICTED_Gorilla_gorilla_gorilla_zinc_finger_protein_805_ZNF805_mRNA,Eutheria
7,XM_004089117.3,61853,"['root', 'cellular organisms', 'Eukaryota', 'Opisthokonta', 'Metazoa', 'Eumetazoa', 'Bilateria', 'Deuterostomia', 'Chordata', 'Craniata', 'Vertebrata', 'Gnathostomata', 'Teleostomi', 'Euteleostomi', 'Sarcopterygii', 'Dipnotetrapodomorpha', 'Tetrapoda', 'Amniota', 'Mammalia', 'Theria', 'Eutheria', 'Boreoeutheria', 'Euarchontoglires', 'Primates', 'Haplorrhini', 'Simiiformes', 'Catarrhini', 'Hominoidea', 'Hylobatidae', 'Nomascus', 'Nomascus leucogenys']","PREDICTED: Nomascus leucogenys zinc finger protein 805 (ZNF805), mRNA",XM_004089117_3_PREDICTED_Nomascus_leucogenys_zinc_finger_protein_805_ZNF805_mRNA,Eutheria
8,XM_073796317.1,9739,"['root', 'cellular organisms', 'Eukaryota', 'Opisthokonta', 'Metazoa', 'Eumetazoa', 'Bilateria', 'Deuterostomia', 'Chordata', 'Craniata', 'Vertebrata', 'Gnathostomata', 'Teleostomi', 'Euteleostomi', 'Sarcopterygii', 'Dipnotetrapodomorpha', 'Tetrapoda', 'Amniota', 'Mammalia', 'Theria', 'Eutheria', 'Boreoeutheria', 'Laurasiatheria', 'Artiodactyla', 'Whippomorpha', 'Cetacea', 'Odontoceti', 'Delphinidae', 'Tursiops', 'Tursiops truncatus']","PREDICTED: Tursiops truncatus zinc finger protein 805 (ZNF805), transcript variant X13, mRNA",XM_073796317_1_PREDICTED_Tursiops_truncatus_zinc_finger_protein_805_ZNF805_transcript_variant_X13_mRNA,Eutheria
9,XM_055145341.1,42254,"['root', 'cellular organisms', 'Eukaryota', 'Opisthokonta', 'Metazoa', 'Eumetazoa', 'Bilateria', 'Deuterostomia', 'Chordata', 'Craniata', 'Vertebrata', 'Gnathostomata', 'Teleostomi', 'Euteleostomi', 'Sarcopterygii', 'Dipnotetrapodomorpha', 'Tetrapoda', 'Amniota', 'Mammalia', 'Theria', 'Eutheria', 'Boreoeutheria', 'Laurasiatheria', 'Eulipotyphla', 'Soricidae', 'Soricinae', 'Sorex', 'Sorex araneus']","PREDICTED: Sorex araneus zinc finger protein 805 (ZNF805), transcript variant X1, mRNA",XM_055145341_1_PREDICTED_Sorex_araneus_zinc_finger_protein_805_ZNF805_transcript_variant_X1_mRNA,Eutheria
10,XM_013066272.2,10181,"['root', 'cellular organisms', 'Eukaryota', 'Opisthokonta', 'Metazoa', 'Eumetazoa', 'Bilateria', 'Deuterostomia', 'Chordata', 'Craniata', 'Vertebrata', 'Gnathostomata', 'Teleostomi', 'Euteleostomi', 'Sarcopterygii', 'Dipnotetrapodomorpha', 'Tetrapoda', 'Amniota', 'Mammalia', 'Theria', 'Eutheria', 'Boreoeutheria', 'Euarchontoglires', 'Glires', 'Rodentia', 'Hystricomorpha', 'Bathyergidae', 'Heterocephalus', 'Heterocephalus glaber']","PREDICTED: Heterocephalus glaber zinc finger protein 805 (Znf805), transcript variant X1, mRNA",XM_013066272_2_PREDICTED_Heterocephalus_glaber_zinc_finger_protein_805_Znf805_transcript_variant_X1_mRNA,Eutheria
11,XM_005590500.5,9541,"['root', 'cellular organisms', 'Eukaryota', 'Opisthokonta', 'Metazoa', 'Eumetazoa', 'Bilateria', 'Deuterostomia', 'Chordata', 'Craniata', 'Vertebrata', 'Gnathostomata', 'Teleostomi', 'Euteleostomi', 'Sarcopterygii', 'Dipnotetrapodomorpha', 'Tetrapoda', 'Amniota', 'Mammalia', 'Theria', 'Eutheria', 'Boreoeutheria', 'Euarchontoglires', 'Primates', 'Haplorrhini', 'Simiiformes', 'Catarrhini', 'Cercopithecoidea', 'Cercopithecidae', 'Cercopithecinae', 'Macaca', 'Macaca fascicularis']","PREDICTED: Macaca fascicularis zinc finger protein 805 (ZNF805), transcript variant X1, mRNA",XM_005590500_5_PREDICTED_Macaca_fascicularis_zinc_finger_protein_805_ZNF805_transcript_variant_X1_mRNA,Eutheria
12,XM_005861700.2,109478,"['root', 'cellular organisms', 'Eukaryota', 'Opisthokonta', 'Metazoa', 'Eumetazoa', 'Bilateria', 'Deuterostomia', 'Chordata', 'Craniata', 'Vertebrata', 'Gnathostomata', 'Teleostomi', 'Euteleostomi', 'Sarcopterygii', 'Dipnotetrapodomorpha', 'Tetrapoda', 'Amniota', 'Mammalia', 'Theria', 'Eutheria', 'Boreoeutheria', 'Laurasiatheria', 'Chiroptera', 'Yangochiroptera', 'Vespertilionidae', 'Myotis', 'Myotis brandtii']","PREDICTED: Myotis brandtii zinc finger protein 805 (ZNF805), transcript variant X2, mRNA",XM_005861700_2_PREDICTED_Myotis_brandtii_zinc_finger_protein_805_ZNF805_transcript_variant_X2_mRNA,Eutheria
13,XM_072968360.1,30538,"['root', 'cellular organisms', 'Eukaryota', 'Opisthokonta', 'Metazoa', 'Eumetazoa', 'Bilateria', 'Deuterostomia', 'Chordata', 'Craniata', 'Vertebrata', 'Gnathostomata', 'Teleostomi', 'Euteleostomi', 'Sarcopterygii', 'Dipnotetrapodomorpha', 'Tetrapoda', 'Amniota', 'Mammalia', 'Theria', 'Eutheria', 'Boreoeutheria', 'Laurasiatheria', 'Artiodactyla', 'Tylopoda', 'Camelidae', 'Vicugna', 'Vicugna pacos']","PREDICTED: Vicugna pacos zinc finger protein 805 (ZNF805), mRNA",XM_072968360_1_PREDICTED_Vicugna_pacos_zinc_finger_protein_805_ZNF805_mRNA,Eutheria
14,XM_015561781.1,225400,"['root', 'cellular organisms', 'Eukaryota', 'Opisthokonta', 'Metazoa', 'Eumetazoa', 'Bilateria', 'Deuterostomia', 'Chordata', 'Craniata', 'Vertebrata', 'Gnathostomata', 'Teleostomi', 'Euteleostomi', 'Sarcopterygii', 'Dipnotetrapodomorpha', 'Tetrapoda', 'Amniota', 'Mammalia', 'Theria', 'Eutheria', 'Boreoeutheria', 'Laurasiatheria', 'Chiroptera', 'Yangochiroptera', 'Vespertilionidae', 'Myotis', 'Myotis davidii']","PREDICTED: Myotis davidii zinc finger protein 805 (ZNF805), transcript variant X4, mRNA",XM_015561781_1_PREDICTED_Myotis_davidii_zinc_finger_protein_805_ZNF805_transcript_variant_X4_mRNA,Eutheria
15,XM_006868260.1,185453,"['root', 'cellular organisms', 'Eukaryota', 'Opisthokonta', 'Metazoa', 'Eumetazoa', 'Bilateria', 'Deuterostomia', 'Chordata', 'Craniata', 'Vertebrata', 'Gnathostomata', 'Teleostomi', 'Euteleostomi', 'Sarcopterygii', 'Dipnotetrapodomorpha', 'Tetrapoda', 'Amniota', 'Mammalia', 'Theria', 'Eutheria', 'Afrotheria', 'Chrysochloridae', 'Chrysochlorinae', 'Chrysochloris', 'Chrysochloris asiatica']","PREDICTED: Chrysochloris asiatica zinc finger protein 805 (ZNF805), mRNA",XM_006868260_1_PREDICTED_Chrysochloris_asiatica_zinc_finger_protein_805_ZNF805_mRNA,Eutheria
16,XM_006902956.1,28737,"['root', 'cellular organisms', 'Eukaryota', 'Opisthokonta', 'Metazoa', 'Eumetazoa', 'Bilateria', 'Deuterostomia', 'Chordata', 'Craniata', 'Vertebrata', 'Gnathostomata', 'Teleostomi', 'Euteleostomi', 'Sarcopterygii', 'Dipnotetrapodomorpha', 'Tetrapoda', 'Amniota', 'Mammalia', 'Theria', 'Eutheria', 'Afrotheria', 'Macroscelidea', 'Macroscelididae', 'Elephantulus', 'Elephantulus edwardii']","PREDICTED: Elephantulus edwardii zinc finger protein 805 (ZNF805), mRNA",XM_006902956_1_PREDICTED_Elephantulus_edwardii_zinc_finger_protein_805_ZNF805_mRNA,Eutheria
17,XM_006915918.3,9402,"['root', 'cellular organisms', 'Eukaryota', 'Opisthokonta', 'Metazoa', 'Eumetazoa', 'Bilateria', 'Deuterostomia', 'Chordata', 'Craniata', 'Vertebrata', 'Gnathostomata', 'Teleostomi', 'Euteleostomi', 'Sarcopterygii', 'Dipnotetrapodomorpha', 'Tetrapoda', 'Amniota', 'Mammalia', 'Theria', 'Eutheria', 'Boreoeutheria', 'Laurasiatheria', 'Chiroptera', 'Yinpterochiroptera', 'Pteropodoidea', 'Pteropodidae', 'Pteropodinae', 'Pteropus', 'Pteropus alecto']","PREDICTED: Pteropus alecto zinc finger protein 805 (ZNF805), transcript variant X3, mRNA",XM_006915918_3_PREDICTED_Pteropus_alecto_zinc_finger_protein_805_ZNF805_transcript_variant_X3_mRNA,Eutheria
18,XM_007127435.4,9755,"['root', 'cellular organisms', 'Eukaryota', 'Opisthokonta', 'Metazoa', 'Eumetazoa', 'Bilateria', 'Deuterostomia', 'Chordata', 'Craniata', 'Vertebrata', 'Gnathostomata', 'Teleostomi', 'Euteleostomi', 'Sarcopterygii', 'Dipnotetrapodomorpha', 'Tetrapoda', 'Amniota', 'Mammalia', 'Theria', 'Eutheria', 'Boreoeutheria', 'Laurasiatheria', 'Artiodactyla', 'Whippomorpha', 'Cetacea', 'Odontoceti', 'Physeteridae', 'Physeter', 'Physeter macrocephalus']","PREDICTED: Physeter macrocephalus zinc finger protein 805 (ZNF805), mRNA",XM_007127435_4_PREDICTED_Physeter_macrocephalus_zinc_finger_protein_805_ZNF805_mRNA,Eutheria
19,XM_054710409.1,29078,"['root', 'cellular organisms', 'Eukaryota', 'Opisthokonta', 'Metazoa', 'Eumetazoa', 'Bilateria', 'Deuterostomia', 'Chordata', 'Craniata', 'Vertebrata', 'Gnathostomata', 'Teleostomi', 'Euteleostomi', 'Sarcopterygii', 'Dipnotetrapodomorpha', 'Tetrapoda', 'Amniota', 'Mammalia', 'Theria', 'Eutheria', 'Boreoeutheria', 'Laurasiatheria', 'Chiroptera', 'Yangochiroptera', 'Vespertilionidae', 'Eptesicus', 'Eptesicus fuscus']","PREDICTED: Eptesicus fuscus zinc finger protein 805 (ZNF805), mRNA",XM_054710409_1_PREDICTED_Eptesicus_fuscus_zinc_finger_protein_805_ZNF805_mRNA,Eutheria
20,XM_070633507.1,9798,"['root', 'cellular organisms', 'Eukaryota', 'Opisthokonta', 'Metazoa', 'Eumetazoa', 'Bilateria', 'Deuterostomia', 'Chordata', 'Craniata', 'Vertebrata', 'Gnathostomata', 'Teleostomi', 'Euteleostomi', 'Sarcopterygii', 'Dipnotetrapodomorpha', 'Tetrapoda', 'Amniota', 'Mammalia', 'Theria', 'Eutheria', 'Boreoeutheria', 'Laurasiatheria', 'Perissodactyla', 'Equidae', 'Equus', 'Equus przewalskii']","PREDICTED: Equus przewalskii zinc finger protein 805 (ZNF805), transcript variant X4, mRNA",XM_070633507_1_PREDICTED_Equus_przewalskii_zinc_finger_protein_805_ZNF805_transcript_variant_X4_mRNA,Eutheria
21,XM_030941696.1,61622,"['root', 'cellular organisms', 'Eukaryota', 'Opisthokonta', 'Metazoa', 'Eumetazoa', 'Bilateria', 'Deuterostomia', 'Chordata', 'Craniata', 'Vertebrata', 'Gnathostomata', 'Teleostomi', 'Euteleostomi', 'Sarcopterygii', 'Dipnotetrapodomorpha', 'Tetrapoda', 'Amniota', 'Mammalia', 'Theria', 'Eutheria', 'Boreoeutheria', 'Euarchontoglires', 'Primates', 'Haplorrhini', 'Simiiformes', 'Catarrhini', 'Cercopithecoidea', 'Cercopithecidae', 'Colobinae', 'Rhinopithecus', 'Rhinopithecus roxellana']","PREDICTED: Rhinopithecus roxellana zinc finger protein 805 (ZNF805), transcript variant X1, mRNA",XM_030941696_1_PREDICTED_Rhinopithecus_roxellana_zinc_finger_protein_805_ZNF805_transcript_variant_X1_mRNA,Eutheria
22,XM_010857695.1,43346,"['root', 'cellular organisms', 'Eukaryota', 'Opisthokonta', 'Metazoa', 'Eumetazoa', 'Bilateria', 'Deuterostomia', 'Chordata', 'Craniata', 'Vertebrata', 'Gnathostomata', 'Teleostomi', 'Euteleostomi', 'Sarcopterygii', 'Dipnotetrapodomorpha', 'Tetrapoda', 'Amniota', 'Mammalia', 'Theria', 'Eutheria', 'Boreoeutheria', 'Laurasiatheria', 'Artiodactyla', 'Ruminantia', 'Pecora', 'Bovidae', 'Bovinae', 'Bison', 'Bison bison', 'Bison bison bison']","PREDICTED: Bison bison bison zinc finger protein 805 (ZNF805), mRNA",XM_010857695_1_PREDICTED_Bison_bison_bison_zinc_finger_protein_805_ZNF805_mRNA,Eutheria
23,XM_010961969.3,9837,"['root', 'cellular organisms', 'Eukaryota', 'Opisthokonta', 'Metazoa', 'Eumetazoa', 'Bilateria', 'Deuterostomia', 'Chordata', 'Craniata', 'Vertebrata', 'Gnathostomata', 'Teleostomi', 'Euteleostomi', 'Sarcopterygii', 'Dipnotetrapodomorpha', 'Tetrapoda', 'Amniota', 'Mammalia', 'Theria', 'Eutheria', 'Boreoeutheria', 'Laurasiatheria', 'Artiodactyla', 'Tylopoda', 'Camelidae', 'Camelus', 'Camelus bactrianus']","PREDICTED: Camelus bactrianus zinc finger protein 805 (ZNF805), transcript variant X1, mRNA",XM_010961969_3_PREDICTED_Camelus_bactrianus_zinc_finger_protein_805_ZNF805_transcript_variant_X1_mRNA,Eutheria
24,XM_034639534.1,9646,"['root', 'cellular organisms', 'Eukaryota', 'Opisthokonta', 'Metazoa', 'Eumetazoa', 'Bilateria', 'Deuterostomia', 'Chordata', 'Craniata', 'Vertebrata', 'Gnathostomata', 'Teleostomi', 'Euteleostomi', 'Sarcopterygii', 'Dipnotetrapodomorpha', 'Tetrapoda', 'Amniota', 'Mammalia', 'Theria', 'Eutheria', 'Boreoeutheria', 'Laurasiatheria', 'Carnivora', 'Caniformia', 'Ursidae', 'Ailuropoda', 'Ailuropoda melanoleuca']","PREDICTED: Ailuropoda melanoleuca zinc finger protein 805 (ZNF805), mRNA",XM_034639534_1_PREDICTED_Ailuropoda_melanoleuca_zinc_finger_protein_805_ZNF805_mRNA,Eutheria
25,XM_011979649.1,9568,"['root', 'cellular organisms', 'Eukaryota', 'Opisthokonta', 'Metazoa', 'Eumetazoa', 'Bilateria', 'Deuterostomia', 'Chordata', 'Craniata', 'Vertebrata', 'Gnathostomata', 'Teleostomi', 'Euteleostomi', 'Sarcopterygii', 'Dipnotetrapodomorpha', 'Tetrapoda', 'Amniota', 'Mammalia', 'Theria', 'Eutheria', 'Boreoeutheria', 'Euarchontoglires', 'Primates', 'Haplorrhini', 'Simiiformes', 'Catarrhini', 'Cercopithecoidea', 'Cercopithecidae', 'Cercopithecinae', 'Mandrillus', 'Mandrillus leucophaeus']","PREDICTED: Mandrillus leucophaeus zinc finger protein 805 (ZNF805), mRNA",XM_011979649_1_PREDICTED_Mandrillus_leucophaeus_zinc_finger_protein_805_ZNF805_mRNA,Eutheria
26,XM_012465351.3,37293,"['root', 'cellular organisms', 'Eukaryota', 'Opisthokonta', 'Metazoa', 'Eumetazoa', 'Bilateria', 'Deuterostomia', 'Chordata', 'Craniata', 'Vertebrata', 'Gnathostomata', 'Teleostomi', 'Euteleostomi', 'Sarcopterygii', 'Dipnotetrapodomorpha', 'Tetrapoda', 'Amniota', 'Mammalia', 'Theria', 'Eutheria', 'Boreoeutheria', 'Euarchontoglires', 'Primates', 'Haplorrhini', 'Simiiformes', 'Platyrrhini', 'Aotidae', 'Aotus', 'Aotus nancymaae']","PREDICTED: Aotus nancymaae zinc finger protein 805 (ZNF805), mRNA",XM_012465351_3_PREDICTED_Aotus_nancymaae_zinc_finger_protein_805_ZNF805_mRNA,Eutheria
27,XM_012734707.1,143302,"['root', 'cellular organisms', 'Eukaryota', 'Opisthokonta', 'Metazoa', 'Eumetazoa', 'Bilateria', 'Deuterostomia', 'Chordata', 'Craniata', 'Vertebrata', 'Gnathostomata', 'Teleostomi', 'Euteleostomi', 'Sarcopterygii', 'Dipnotetrapodomorpha', 'Tetrapoda', 'Amniota', 'Mammalia', 'Theria', 'Eutheria', 'Boreoeutheria', 'Laurasiatheria', 'Eulipotyphla', 'Talpidae', 'Condylura', 'Condylura cristata']","PREDICTED: Condylura cristata zinc finger protein 805 (ZNF805), mRNA",XM_012734707_1_PREDICTED_Condylura_cristata_zinc_finger_protein_805_ZNF805_mRNA,Eutheria
28,XM_012808667.2,30611,"['root', 'cellular organisms', 'Eukaryota', 'Opisthokonta', 'Metazoa', 'Eumetazoa', 'Bilateria', 'Deuterostomia', 'Chordata', 'Craniata', 'Vertebrata', 'Gnathostomata', 'Teleostomi', 'Euteleostomi', 'Sarcopterygii', 'Dipnotetrapodomorpha', 'Tetrapoda', 'Amniota', 'Mammalia', 'Theria', 'Eutheria', 'Boreoeutheria', 'Euarchontoglires', 'Primates', 'Strepsirrhini', 'Lorisiformes', 'Galagidae', 'Otolemur', 'Otolemur garnettii']","PREDICTED: Otolemur garnettii zinc finger protein 805 (ZNF805), mRNA",XM_012808667_2_PREDICTED_Otolemur_garnettii_zinc_finger_protein_805_ZNF805_mRNA,Eutheria
29,XM_013048059.2,9669,"['root', 'cellular organisms', 'Eukaryota', 'Opisthokonta', 'Metazoa', 'Eumetazoa', 'Bilateria', 'Deuterostomia', 'Chordata', 'Craniata', 'Vertebrata', 'Gnathostomata', 'Teleostomi', 'Euteleostomi', 'Sarcopterygii', 'Dipnotetrapodomorpha', 'Tetrapoda', 'Amniota', 'Mammalia', 'Theria', 'Eutheria', 'Boreoeutheria', 'Laurasiatheria', 'Carnivora', 'Caniformia', 'Musteloidea', 'Mustelidae', 'Mustelinae', 'Mustela', 'Mustela putorius', 'Mustela putorius furo']","PREDICTED: Mustela putorius furo zinc finger protein 805 (ZNF805), transcript variant X1, mRNA",XM_013048059_2_PREDICTED_Mustela_putorius_furo_zinc_finger_protein_805_ZNF805_transcript_variant_X1_mRNA,Eutheria
30,XM_017509572.2,2715852,"['root', 'cellular organisms', 'Eukaryota', 'Opisthokonta', 'Metazoa', 'Eumetazoa', 'Bilateria', 'Deuterostomia', 'Chordata', 'Craniata', 'Vertebrata', 'Gnathostomata', 'Teleostomi', 'Euteleostomi', 'Sarcopterygii', 'Dipnotetrapodomorpha', 'Tetrapoda', 'Amniota', 'Mammalia', 'Theria', 'Eutheria', 'Boreoeutheria', 'Euarchontoglires', 'Primates', 'Haplorrhini', 'Simiiformes', 'Platyrrhini', 'Cebidae', 'Cebinae', 'Cebus', 'Cebus imitator']","PREDICTED: Cebus imitator zinc finger protein 805 (ZNF805), transcript variant X1, mRNA",XM_017509572_2_PREDICTED_Cebus_imitator_zinc_finger_protein_805_ZNF805_transcript_variant_X1_mRNA,Eutheria
31,XM_017885451.1,61621,"['root', 'cellular organisms', 'Eukaryota', 'Opisthokonta', 'Metazoa', 'Eumetazoa', 'Bilateria', 'Deuterostomia', 'Chordata', 'Craniata', 'Vertebrata', 'Gnathostomata', 'Teleostomi', 'Euteleostomi', 'Sarcopterygii', 'Dipnotetrapodomorpha', 'Tetrapoda', 'Amniota', 'Mammalia', 'Theria', 'Eutheria', 'Boreoeutheria', 'Euarchontoglires', 'Primates', 'Haplorrhini', 'Simiiformes', 'Catarrhini', 'Cercopithecoidea', 'Cercopithecidae', 'Colobinae', 'Rhinopithecus', 'Rhinopithecus bieti']","PREDICTED: Rhinopithecus bieti zinc finger protein 805 (ZNF805), transcript variant X1, mRNA",,Eutheria
32,XM_020170135.2,51338,"['root', 'cellular organisms', 'Eukaryota', 'Opisthokonta', 'Metazoa', 'Eumetazoa', 'Bilateria', 'Deuterostomia', 'Chordata', 'Craniata', 'Vertebrata', 'Gnathostomata', 'Teleostomi', 'Euteleostomi', 'Sarcopterygii', 'Dipnotetrapodomorpha', 'Tetrapoda', 'Amniota', 'Mammalia', 'Theria', 'Eutheria', 'Boreoeutheria', 'Euarchontoglires', 'Glires', 'Rodentia', 'Castorimorpha', 'Castoridae', 'Castor', 'Castor canadensis']","PREDICTED: Castor canadensis zinc finger protein 805 (Znf805), transcript variant X1, mRNA",XM_020170135_2_PREDICTED_Castor_canadensis_zinc_finger_protein_805_Znf805_transcript_variant_X1_mRNA,Eutheria
33,XM_070451668.1,9874,"['root', 'cellular organisms', 'Eukaryota', 'Opisthokonta', 'Metazoa', 'Eumetazoa', 'Bilateria', 'Deuterostomia', 'Chordata', 'Craniata', 'Vertebrata', 'Gnathostomata', 'Teleostomi', 'Euteleostomi', 'Sarcopterygii', 'Dipnotetrapodomorpha', 'Tetrapoda', 'Amniota', 'Mammalia', 'Theria', 'Eutheria', 'Boreoeutheria', 'Laurasiatheria', 'Artiodactyla', 'Ruminantia', 'Pecora', 'Cervidae', 'Odocoileinae', 'Odocoileus', 'Odocoileus virginianus']","PREDICTED: Odocoileus virginianus zinc finger protein 805 (ZNF805), mRNA",XM_070451668_1_PREDICTED_Odocoileus_virginianus_zinc_finger_protein_805_ZNF805_mRNA,Eutheria
34,XM_022564902.2,9749,"['root', 'cellular organisms', 'Eukaryota', 'Opisthokonta', 'Metazoa', 'Eumetazoa', 'Bilateria', 'Deuterostomia', 'Chordata', 'Craniata', 'Vertebrata', 'Gnathostomata', 'Teleostomi', 'Euteleostomi', 'Sarcopterygii', 'Dipnotetrapodomorpha', 'Tetrapoda', 'Amniota', 'Mammalia', 'Theria', 'Eutheria', 'Boreoeutheria', 'Laurasiatheria', 'Artiodactyla', 'Whippomorpha', 'Cetacea', 'Odontoceti', 'Monodontidae', 'Delphinapterus', 'Delphinapterus leucas']","PREDICTED: Delphinapterus leucas zinc finger protein 805 (ZNF805), transcript variant X2, mRNA",XM_022564902_2_PREDICTED_Delphinapterus_leucas_zinc_finger_protein_805_ZNF805_transcript_variant_X2_mRNA,Eutheria
35,XM_025368830.1,9565,"['root', 'cellular organisms', 'Eukaryota', 'Opisthokonta', 'Metazoa', 'Eumetazoa', 'Bilateria', 'Deuterostomia', 'Chordata', 'Craniata', 'Vertebrata', 'Gnathostomata', 'Teleostomi', 'Euteleostomi', 'Sarcopterygii', 'Dipnotetrapodomorpha', 'Tetrapoda', 'Amniota', 'Mammalia', 'Theria', 'Eutheria', 'Boreoeutheria', 'Euarchontoglires', 'Primates', 'Haplorrhini', 'Simiiformes', 'Catarrhini', 'Cercopithecoidea', 'Cercopithecidae', 'Cercopithecinae', 'Theropithecus', 'Theropithecus gelada']","PREDICTED: Theropithecus gelada zinc finger protein 805 (ZNF805), mRNA",XM_025368830_1_PREDICTED_Theropithecus_gelada_zinc_finger_protein_805_ZNF805_mRNA,Eutheria
36,XM_072763850.1,9627,"['root', 'cellular organisms', 'Eukaryota', 'Opisthokonta', 'Metazoa', 'Eumetazoa', 'Bilateria', 'Deuterostomia', 'Chordata', 'Craniata', 'Vertebrata', 'Gnathostomata', 'Teleostomi', 'Euteleostomi', 'Sarcopterygii', 'Dipnotetrapodomorpha', 'Tetrapoda', 'Amniota', 'Mammalia', 'Theria', 'Eutheria', 'Boreoeutheria', 'Laurasiatheria', 'Carnivora', 'Caniformia', 'Canidae', 'Vulpes', 'Vulpes vulpes']","PREDICTED: Vulpes vulpes zinc finger protein 805 (ZNF805), transcript variant X1, mRNA",XM_072763850_1_PREDICTED_Vulpes_vulpes_zinc_finger_protein_805_ZNF805_transcript_variant_X1_mRNA,Eutheria
37,XM_035724963.1,9704,"['root', 'cellular organisms', 'Eukaryota', 'Opisthokonta', 'Metazoa', 'Eumetazoa', 'Bilateria', 'Deuterostomia', 'Chordata', 'Craniata', 'Vertebrata', 'Gnathostomata', 'Teleostomi', 'Euteleostomi', 'Sarcopterygii', 'Dipnotetrapodomorpha', 'Tetrapoda', 'Amniota', 'Mammalia', 'Theria', 'Eutheria', 'Boreoeutheria', 'Laurasiatheria', 'Carnivora', 'Caniformia', 'Pinnipedia', 'Otariidae', 'Zalophus', 'Zalophus californianus']","PREDICTED: Zalophus californianus zinc finger protein 805 (ZNF805), transcript variant X1, mRNA",XM_035724963_1_PREDICTED_Zalophus_californianus_zinc_finger_protein_805_ZNF805_transcript_variant_X1_mRNA,Eutheria
38,XM_029924784.1,37032,"['root', 'cellular organisms', 'Eukaryota', 'Opisthokonta', 'Metazoa', 'Eumetazoa', 'Bilateria', 'Deuterostomia', 'Chordata', 'Craniata', 'Vertebrata', 'Gnathostomata', 'Teleostomi', 'Euteleostomi', 'Sarcopterygii', 'Dipnotetrapodomorpha', 'Tetrapoda', 'Amniota', 'Mammalia', 'Theria', 'Eutheria', 'Boreoeutheria', 'Laurasiatheria', 'Carnivora', 'Feliformia', 'Herpestidae', 'Suricata', 'Suricata suricatta']","PREDICTED: Suricata suricatta zinc finger protein 805 (ZNF805), mRNA",XM_029924784_1_PREDICTED_Suricata_suricatta_zinc_finger_protein_805_ZNF805_mRNA,Eutheria
39,XM_032263228.1,9515,"['root', 'cellular organisms', 'Eukaryota', 'Opisthokonta', 'Metazoa', 'Eumetazoa', 'Bilateria', 'Deuterostomia', 'Chordata', 'Craniata', 'Vertebrata', 'Gnathostomata', 'Teleostomi', 'Euteleostomi', 'Sarcopterygii', 'Dipnotetrapodomorpha', 'Tetrapoda', 'Amniota', 'Mammalia', 'Theria', 'Eutheria', 'Boreoeutheria', 'Euarchontoglires', 'Primates', 'Haplorrhini', 'Simiiformes', 'Platyrrhini', 'Cebidae', 'Cebinae', 'Sapajus', 'Sapajus apella']","PREDICTED: Sapajus apella zinc finger protein 805 (ZNF805), transcript variant X1, mRNA",XM_032263228_1_PREDICTED_Sapajus_apella_zinc_finger_protein_805_ZNF805_transcript_variant_X1_mRNA,Eutheria
40,XM_032324660.1,36723,"['root', 'cellular organisms', 'Eukaryota', 'Opisthokonta', 'Metazoa', 'Eumetazoa', 'Bilateria', 'Deuterostomia', 'Chordata', 'Craniata', 'Vertebrata', 'Gnathostomata', 'Teleostomi', 'Euteleostomi', 'Sarcopterygii', 'Dipnotetrapodomorpha', 'Tetrapoda', 'Amniota', 'Mammalia', 'Theria', 'Eutheria', 'Boreoeutheria', 'Laurasiatheria', 'Carnivora', 'Caniformia', 'Musteloidea', 'Mustelidae', 'Mustelinae', 'Mustela', 'Mustela erminea']","PREDICTED: Mustela erminea zinc finger protein 805 (ZNF805), transcript variant X1, mRNA",XM_032324660_1_PREDICTED_Mustela_erminea_zinc_finger_protein_805_ZNF805_transcript_variant_X1_mRNA,Eutheria
41,XM_036091900.1,9711,"['root', 'cellular organisms', 'Eukaryota', 'Opisthokonta', 'Metazoa', 'Eumetazoa', 'Bilateria', 'Deuterostomia', 'Chordata', 'Craniata', 'Vertebrata', 'Gnathostomata', 'Teleostomi', 'Euteleostomi', 'Sarcopterygii', 'Dipnotetrapodomorpha', 'Tetrapoda', 'Amniota', 'Mammalia', 'Theria', 'Eutheria', 'Boreoeutheria', 'Laurasiatheria', 'Carnivora', 'Caniformia', 'Pinnipedia', 'Phocidae', 'Halichoerus', 'Halichoerus grypus']","PREDICTED: Halichoerus grypus zinc finger protein 805 (ZNF805), transcript variant X1, mRNA",XM_036091900_1_PREDICTED_Halichoerus_grypus_zinc_finger_protein_805_ZNF805_transcript_variant_X1_mRNA,Eutheria
42,XM_040251742.1,59534,"['root', 'cellular organisms', 'Eukaryota', 'Opisthokonta', 'Metazoa', 'Eumetazoa', 'Bilateria', 'Deuterostomia', 'Chordata', 'Craniata', 'Vertebrata', 'Gnathostomata', 'Teleostomi', 'Euteleostomi', 'Sarcopterygii', 'Dipnotetrapodomorpha', 'Tetrapoda', 'Amniota', 'Mammalia', 'Theria', 'Eutheria', 'Boreoeutheria', 'Laurasiatheria', 'Artiodactyla', 'Ruminantia', 'Pecora', 'Bovidae', 'Hippotraginae', 'Oryx', 'Oryx dammah']","PREDICTED: Oryx dammah zinc finger protein 805 (ZNF805), transcript variant X1, mRNA",XM_040251742_1_PREDICTED_Oryx_dammah_zinc_finger_protein_805_ZNF805_transcript_variant_X1_mRNA,Eutheria
43,XM_042917715.1,9689,"['root', 'cellular organisms', 'Eukaryota', 'Opisthokonta', 'Metazoa', 'Eumetazoa', 'Bilateria', 'Deuterostomia', 'Chordata', 'Craniata', 'Vertebrata', 'Gnathostomata', 'Teleostomi', 'Euteleostomi', 'Sarcopterygii', 'Dipnotetrapodomorpha', 'Tetrapoda', 'Amniota', 'Mammalia', 'Theria', 'Eutheria', 'Boreoeutheria', 'Laurasiatheria', 'Carnivora', 'Feliformia', 'Felidae', 'Pantherinae', 'Panthera', 'Panthera leo']","PREDICTED: Panthera leo zinc finger protein 805 (ZNF805), transcript variant X1, mRNA",XM_042917715_1_PREDICTED_Panthera_leo_zinc_finger_protein_805_ZNF805_transcript_variant_X1_mRNA,Eutheria
44,XM_046681681.1,89248,"['root', 'cellular organisms', 'Eukaryota', 'Opisthokonta', 'Metazoa', 'Eumetazoa', 'Bilateria', 'Deuterostomia', 'Chordata', 'Craniata', 'Vertebrata', 'Gnathostomata', 'Teleostomi', 'Euteleostomi', 'Sarcopterygii', 'Dipnotetrapodomorpha', 'Tetrapoda', 'Amniota', 'Mammalia', 'Theria', 'Eutheria', 'Boreoeutheria', 'Laurasiatheria', 'Perissodactyla', 'Equidae', 'Equus', 'Equus quagga']","PREDICTED: Equus quagga zinc finger protein 805 (ZNF805), mRNA",XM_046681681_1_PREDICTED_Equus_quagga_zinc_finger_protein_805_ZNF805_mRNA,Eutheria
45,XM_047710679.1,9657,"['root', 'cellular organisms', 'Eukaryota', 'Opisthokonta', 'Metazoa', 'Eumetazoa', 'Bilateria', 'Deuterostomia', 'Chordata', 'Craniata', 'Vertebrata', 'Gnathostomata', 'Teleostomi', 'Euteleostomi', 'Sarcopterygii', 'Dipnotetrapodomorpha', 'Tetrapoda', 'Amniota', 'Mammalia', 'Theria', 'Eutheria', 'Boreoeutheria', 'Laurasiatheria', 'Carnivora', 'Caniformia', 'Musteloidea', 'Mustelidae', 'Lutrinae', 'Lutra', 'Lutra lutra']","PREDICTED: Lutra lutra zinc finger protein 805 (ZNF805), transcript variant X1, mRNA",XM_047710679_1_PREDICTED_Lutra_lutra_zinc_finger_protein_805_ZNF805_transcript_variant_X1_mRNA,Eutheria
46,XM_050772038.1,257877,"['root', 'cellular organisms', 'Eukaryota', 'Opisthokonta', 'Metazoa', 'Eumetazoa', 'Bilateria', 'Deuterostomia', 'Chordata', 'Craniata', 'Vertebrata', 'Gnathostomata', 'Teleostomi', 'Euteleostomi', 'Sarcopterygii', 'Dipnotetrapodomorpha', 'Tetrapoda', 'Amniota', 'Mammalia', 'Theria', 'Eutheria', 'Boreoeutheria', 'Euarchontoglires', 'Primates', 'Haplorrhini', 'Simiiformes', 'Catarrhini', 'Cercopithecoidea', 'Cercopithecidae', 'Cercopithecinae', 'Macaca', 'Macaca thibetana', 'Macaca thibetana thibetana']","PREDICTED: Macaca thibetana thibetana zinc finger protein 805 (ZNF805), transcript variant X1, mRNA",XM_050772038_1_PREDICTED_Macaca_thibetana_thibetana_zinc_finger_protein_805_ZNF805_transcript_variant_X1_mRNA,Eutheria
47,XM_053604405.1,9470,"['root', 'cellular organisms', 'Eukaryota', 'Opisthokonta', 'Metazoa', 'Eumetazoa', 'Bilateria', 'Deuterostomia', 'Chordata', 'Craniata', 'Vertebrata', 'Gnathostomata', 'Teleostomi', 'Euteleostomi', 'Sarcopterygii', 'Dipnotetrapodomorpha', 'Tetrapoda', 'Amniota', 'Mammalia', 'Theria', 'Eutheria', 'Boreoeutheria', 'Euarchontoglires', 'Primates', 'Strepsirrhini', 'Lorisiformes', 'Lorisidae', 'Nycticebus', 'Nycticebus coucang']","PREDICTED: Nycticebus coucang zinc finger protein 805 (ZNF805), mRNA",XM_053604405_1_PREDICTED_Nycticebus_coucang_zinc_finger_protein_805_ZNF805_mRNA,Eutheria
48,XM_054462876.2,9600,"['root', 'cellular organisms', 'Eukaryota', 'Opisthokonta', 'Metazoa', 'Eumetazoa', 'Bilateria', 'Deuterostomia', 'Chordata', 'Craniata', 'Vertebrata', 'Gnathostomata', 'Teleostomi', 'Euteleostomi', 'Sarcopterygii', 'Dipnotetrapodomorpha', 'Tetrapoda', 'Amniota', 'Mammalia', 'Theria', 'Eutheria', 'Boreoeutheria', 'Euarchontoglires', 'Primates', 'Haplorrhini', 'Simiiformes', 'Catarrhini', 'Hominoidea', 'Hominidae', 'Ponginae', 'Pongo', 'Pongo pygmaeus']","PREDICTED: Pongo pygmaeus zinc finger protein 805 (ZNF805), transcript variant X1, mRNA",XM_054462876_2_PREDICTED_Pongo_pygmaeus_zinc_finger_protein_805_ZNF805_transcript_variant_X1_mRNA,Eutheria
49,XM_055410588.1,68408,"['root', 'cellular organisms', 'Eukaryota', 'Opisthokonta', 'Metazoa', 'Eumetazoa', 'Bilateria', 'Deuterostomia', 'Chordata', 'Craniata', 'Vertebrata', 'Gnathostomata', 'Teleostomi', 'Euteleostomi', 'Sarcopterygii', 'Dipnotetrapodomorpha', 'Tetrapoda', 'Amniota', 'Mammalia', 'Theria', 'Eutheria', 'Boreoeutheria', 'Laurasiatheria', 'Artiodactyla', 'Ruminantia', 'Pecora', 'Moschidae', 'Moschus', 'Moschus berezovskii']","PREDICTED: Moschus berezovskii zinc finger protein 805 (ZNF805), mRNA",XM_055410588_1_PREDICTED_Moschus_berezovskii_zinc_finger_protein_805_ZNF805_mRNA,Eutheria
50,XM_055553698.1,3119969,"['root', 'cellular organisms', 'Eukaryota', 'Opisthokonta', 'Metazoa', 'Eumetazoa', 'Bilateria', 'Deuterostomia', 'Chordata', 'Craniata', 'Vertebrata', 'Gnathostomata', 'Teleostomi', 'Euteleostomi', 'Sarcopterygii', 'Dipnotetrapodomorpha', 'Tetrapoda', 'Amniota', 'Mammalia', 'Theria', 'Eutheria', 'Boreoeutheria', 'Laurasiatheria', 'Artiodactyla', 'Ruminantia', 'Pecora', 'Bovidae', 'Bovinae', 'Bubalus', 'Bubalus kerabau']","PREDICTED: Bubalus kerabau zinc finger protein 805 (ZNF805), transcript variant X7, mRNA",XM_055553698_1_PREDICTED_Bubalus_kerabau_zinc_finger_protein_805_ZNF805_transcript_variant_X7_mRNA,Eutheria
51,XM_057534228.1,9767,"['root', 'cellular organisms', 'Eukaryota', 'Opisthokonta', 'Metazoa', 'Eumetazoa', 'Bilateria', 'Deuterostomia', 'Chordata', 'Craniata', 'Vertebrata', 'Gnathostomata', 'Teleostomi', 'Euteleostomi', 'Sarcopterygii', 'Dipnotetrapodomorpha', 'Tetrapoda', 'Amniota', 'Mammalia', 'Theria', 'Eutheria', 'Boreoeutheria', 'Laurasiatheria', 'Artiodactyla', 'Whippomorpha', 'Cetacea', 'Mysticeti', 'Balaenopteridae', 'Balaenoptera', 'Balaenoptera acutorostrata']","PREDICTED: Balaenoptera acutorostrata zinc finger protein 805 (ZNF805), mRNA",,Eutheria
52,XM_057719661.1,575201,"['root', 'cellular organisms', 'Eukaryota', 'Opisthokonta', 'Metazoa', 'Eumetazoa', 'Bilateria', 'Deuterostomia', 'Chordata', 'Craniata', 'Vertebrata', 'Gnathostomata', 'Teleostomi', 'Euteleostomi', 'Sarcopterygii', 'Dipnotetrapodomorpha', 'Tetrapoda', 'Amniota', 'Mammalia', 'Theria', 'Eutheria', 'Boreoeutheria', 'Laurasiatheria', 'Artiodactyla', 'Whippomorpha', 'Ancodonta', 'Hippopotamidae', 'Hippopotamus', 'Hippopotamus amphibius', 'Hippopotamus amphibius kiboko']","PREDICTED: Hippopotamus amphibius kiboko zinc finger protein 805 (ZNF805), transcript variant X1, mRNA",XM_057719661_1_PREDICTED_Hippopotamus_amphibius_kiboko_zinc_finger_protein_805_ZNF805_transcript_variant_X1_mRNA,Eutheria
53,XM_058530448.1,77932,"['root', 'cellular organisms', 'Eukaryota', 'Opisthokonta', 'Metazoa', 'Eumetazoa', 'Bilateria', 'Deuterostomia', 'Chordata', 'Craniata', 'Vertebrata', 'Gnathostomata', 'Teleostomi', 'Euteleostomi', 'Sarcopterygii', 'Dipnotetrapodomorpha', 'Tetrapoda', 'Amniota', 'Mammalia', 'Theria', 'Eutheria', 'Boreoeutheria', 'Laurasiatheria', 'Perissodactyla', 'Rhinocerotidae', 'Diceros', 'Diceros bicornis', 'Diceros bicornis minor']","PREDICTED: Diceros bicornis minor zinc finger protein 805 (ZNF805), transcript variant X1, mRNA",XM_058530448_1_PREDICTED_Diceros_bicornis_minor_zinc_finger_protein_805_ZNF805_transcript_variant_X1_mRNA,Eutheria
54,XM_058707087.1,61452,"['root', 'cellular organisms', 'Eukaryota', 'Opisthokonta', 'Metazoa', 'Eumetazoa', 'Bilateria', 'Deuterostomia', 'Chordata', 'Craniata', 'Vertebrata', 'Gnathostomata', 'Teleostomi', 'Euteleostomi', 'Sarcopterygii', 'Dipnotetrapodomorpha', 'Tetrapoda', 'Amniota', 'Mammalia', 'Theria', 'Eutheria', 'Boreoeutheria', 'Laurasiatheria', 'Carnivora', 'Feliformia', 'Felidae', 'Pantherinae', 'Neofelis', 'Neofelis nebulosa']","PREDICTED: Neofelis nebulosa zinc finger protein 805 (ZNF805), transcript variant X1, mRNA",XM_058707087_1_PREDICTED_Neofelis_nebulosa_zinc_finger_protein_805_ZNF805_transcript_variant_X1_mRNA,Eutheria
55,XM_059152342.1,9666,"['root', 'cellular organisms', 'Eukaryota', 'Opisthokonta', 'Metazoa', 'Eumetazoa', 'Bilateria', 'Deuterostomia', 'Chordata', 'Craniata', 'Vertebrata', 'Gnathostomata', 'Teleostomi', 'Euteleostomi', 'Sarcopterygii', 'Dipnotetrapodomorpha', 'Tetrapoda', 'Amniota', 'Mammalia', 'Theria', 'Eutheria', 'Boreoeutheria', 'Laurasiatheria', 'Carnivora', 'Caniformia', 'Musteloidea', 'Mustelidae', 'Mustelinae', 'Mustela', 'Mustela lutreola']","PREDICTED: Mustela lutreola zinc finger protein 805 (ZNF805), transcript variant X1, mRNA",XM_059152342_1_PREDICTED_Mustela_lutreola_zinc_finger_protein_805_ZNF805_transcript_variant_X1_mRNA,Eutheria
56,XM_059383183.1,77151,"['root', 'cellular organisms', 'Eukaryota', 'Opisthokonta', 'Metazoa', 'Eumetazoa', 'Bilateria', 'Deuterostomia', 'Chordata', 'Craniata', 'Vertebrata', 'Gnathostomata', 'Teleostomi', 'Euteleostomi', 'Sarcopterygii', 'Dipnotetrapodomorpha', 'Tetrapoda', 'Amniota', 'Mammalia', 'Theria', 'Eutheria', 'Boreoeutheria', 'Laurasiatheria', 'Carnivora', 'Caniformia', 'Musteloidea', 'Mustelidae', 'Mustelinae', 'Mustela', 'Mustela nigripes']","PREDICTED: Mustela nigripes zinc finger protein 805 (ZNF805), transcript variant X1, mRNA",XM_059383183_1_PREDICTED_Mustela_nigripes_zinc_finger_protein_805_ZNF805_transcript_variant_X1_mRNA,Eutheria
57,XM_059664992.1,98922,"['root', 'cellular organisms', 'Eukaryota', 'Opisthokonta', 'Metazoa', 'Eumetazoa', 'Bilateria', 'Deuterostomia', 'Chordata', 'Craniata', 'Vertebrata', 'Gnathostomata', 'Teleostomi', 'Euteleostomi', 'Sarcopterygii', 'Dipnotetrapodomorpha', 'Tetrapoda', 'Amniota', 'Mammalia', 'Theria', 'Eutheria', 'Boreoeutheria', 'Laurasiatheria', 'Chiroptera', 'Yangochiroptera', 'Vespertilionidae', 'Myotis', 'Myotis daubentonii']","PREDICTED: Myotis daubentonii zinc finger protein 805 (ZNF805), transcript variant X1, mRNA",XM_059664992_1_PREDICTED_Myotis_daubentonii_zinc_finger_protein_805_ZNF805_transcript_variant_X1_mRNA,Eutheria
58,XM_060652504.1,9690,"['root', 'cellular organisms', 'Eukaryota', 'Opisthokonta', 'Metazoa', 'Eumetazoa', 'Bilateria', 'Deuterostomia', 'Chordata', 'Craniata', 'Vertebrata', 'Gnathostomata', 'Teleostomi', 'Euteleostomi', 'Sarcopterygii', 'Dipnotetrapodomorpha', 'Tetrapoda', 'Amniota', 'Mammalia', 'Theria', 'Eutheria', 'Boreoeutheria', 'Laurasiatheria', 'Carnivora', 'Feliformia', 'Felidae', 'Pantherinae', 'Panthera', 'Panthera onca']","PREDICTED: Panthera onca zinc finger protein 805 (ZNF805), mRNA",XM_060652504_1_PREDICTED_Panthera_onca_zinc_finger_protein_805_ZNF805_mRNA,Eutheria
59,XM_064580304.1,9716,"['root', 'cellular organisms', 'Eukaryota', 'Opisthokonta', 'Metazoa', 'Eumetazoa', 'Bilateria', 'Deuterostomia', 'Chordata', 'Craniata', 'Vertebrata', 'Gnathostomata', 'Teleostomi', 'Euteleostomi', 'Sarcopterygii', 'Dipnotetrapodomorpha', 'Tetrapoda', 'Amniota', 'Mammalia', 'Theria', 'Eutheria', 'Boreoeutheria', 'Laurasiatheria', 'Carnivora', 'Caniformia', 'Pinnipedia', 'Phocidae', 'Mirounga', 'Mirounga angustirostris']","PREDICTED: Mirounga angustirostris zinc finger protein 805 (ZNF805), transcript variant X1, mRNA",XM_064580304_1_PREDICTED_Mirounga_angustirostris_zinc_finger_protein_805_ZNF805_transcript_variant_X1_mRNA,Eutheria
60,XM_065898241.1,9742,"['root', 'cellular organisms', 'Eukaryota', 'Opisthokonta', 'Metazoa', 'Eumetazoa', 'Bilateria', 'Deuterostomia', 'Chordata', 'Craniata', 'Vertebrata', 'Gnathostomata', 'Teleostomi', 'Euteleostomi', 'Sarcopterygii', 'Dipnotetrapodomorpha', 'Tetrapoda', 'Amniota', 'Mammalia', 'Theria', 'Eutheria', 'Boreoeutheria', 'Laurasiatheria', 'Artiodactyla', 'Whippomorpha', 'Cetacea', 'Odontoceti', 'Phocoenidae', 'Phocoena', 'Phocoena phocoena']","PREDICTED: Phocoena phocoena zinc finger protein 805 (ZNF805), mRNA",XM_065898241_1_PREDICTED_Phocoena_phocoena_zinc_finger_protein_805_ZNF805_mRNA,Eutheria
61,XM_067720522.1,82174,"['root', 'cellular organisms', 'Eukaryota', 'Opisthokonta', 'Metazoa', 'Eumetazoa', 'Bilateria', 'Deuterostomia', 'Chordata', 'Craniata', 'Vertebrata', 'Gnathostomata', 'Teleostomi', 'Euteleostomi', 'Sarcopterygii', 'Dipnotetrapodomorpha', 'Tetrapoda', 'Amniota', 'Mammalia', 'Theria', 'Eutheria', 'Boreoeutheria', 'Laurasiatheria', 'Artiodactyla', 'Whippomorpha', 'Cetacea', 'Odontoceti', 'Delphinidae', 'Pseudorca', 'Pseudorca crassidens']","PREDICTED: Pseudorca crassidens zinc finger protein 805 (ZNF805), transcript variant X1, mRNA",XM_067720522_1_PREDICTED_Pseudorca_crassidens_zinc_finger_protein_805_ZNF805_transcript_variant_X1_mRNA,Eutheria
62,XM_069552112.2,37174,"['root', 'cellular organisms', 'Eukaryota', 'Opisthokonta', 'Metazoa', 'Eumetazoa', 'Bilateria', 'Deuterostomia', 'Chordata', 'Craniata', 'Vertebrata', 'Gnathostomata', 'Teleostomi', 'Euteleostomi', 'Sarcopterygii', 'Dipnotetrapodomorpha', 'Tetrapoda', 'Amniota', 'Mammalia', 'Theria', 'Eutheria', 'Boreoeutheria', 'Laurasiatheria', 'Artiodactyla', 'Ruminantia', 'Pecora', 'Bovidae', 'Caprinae', 'Ovis', 'Ovis canadensis']","PREDICTED: Ovis canadensis zinc finger protein 805 (ZNF805), transcript variant X2, mRNA",XM_069552112_2_PREDICTED_Ovis_canadensis_zinc_finger_protein_805_ZNF805_transcript_variant_X2_mRNA,Eutheria
63,XM_070401676.1,159337,"['root', 'cellular organisms', 'Eukaryota', 'Opisthokonta', 'Metazoa', 'Eumetazoa', 'Bilateria', 'Deuterostomia', 'Chordata', 'Craniata', 'Vertebrata', 'Gnathostomata', 'Teleostomi', 'Euteleostomi', 'Sarcopterygii', 'Dipnotetrapodomorpha', 'Tetrapoda', 'Amniota', 'Mammalia', 'Theria', 'Eutheria', 'Boreoeutheria', 'Laurasiatheria', 'Chiroptera', 'Yangochiroptera', 'Vespertilionidae', 'Myotis', 'Myotis yumanensis']","PREDICTED: Myotis yumanensis zinc finger protein 805 (ZNF805), mRNA",XM_070401676_1_PREDICTED_Myotis_yumanensis_zinc_finger_protein_805_ZNF805_mRNA,Eutheria
64,XM_072822897.1,143281,"['root', 'cellular organisms', 'Eukaryota', 'Opisthokonta', 'Metazoa', 'Eumetazoa', 'Bilateria', 'Deuterostomia', 'Chordata', 'Craniata', 'Vertebrata', 'Gnathostomata', 'Teleostomi', 'Euteleostomi', 'Sarcopterygii', 'Dipnotetrapodomorpha', 'Tetrapoda', 'Amniota', 'Mammalia', 'Theria', 'Eutheria', 'Boreoeutheria', 'Laurasiatheria', 'Carnivora', 'Caniformia', 'Canidae', 'Canis', 'Canis lupus', 'Canis lupus baileyi']","PREDICTED: Canis lupus baileyi zinc finger protein 805 (ZNF805), transcript variant X1, mRNA",XM_072822897_1_PREDICTED_Canis_lupus_baileyi_zinc_finger_protein_805_ZNF805_transcript_variant_X1_mRNA,Eutheria
